{
  "neurons": {
    "27,-1,3403": -15.0625,
    "22,-1,2869": 12.1875,
    "26,-1,1153": 11.8125,
    "26,-1,4993": -9.75,
    "27,-1,2646": 8.75,
    "27,-1,1548": -8.5,
    "27,-1,8016": 8.5,
    "23,-1,7494": -8.375,
    "24,-1,5593": -8.125,
    "21,-1,3052": 7.25,
    "24,-1,7429": -7.0625,
    "26,-1,4604": 6.8125,
    "27,-1,8276": -6.75,
    "21,-1,47": 6.53125,
    "26,-1,2566": 6.25,
    "27,-1,5611": -6.03125,
    "27,-1,2067": -5.8125,
    "24,-1,8910": 5.625,
    "25,-1,2116": 5.5625,
    "27,-1,7234": 5.4375,
    "18,-1,2120": 5.3125,
    "27,-1,7934": -5.3125,
    "27,-1,7531": -5.1875,
    "22,-1,3002": 5.09375,
    "27,-1,174": 5.03125,
    "27,-1,8033": -5.03125,
    "27,-1,4612": -4.9375,
    "27,-1,7536": -4.9375,
    "25,-1,4151": 4.90625,
    "27,-1,3051": -4.78125,
    "26,-1,3100": 4.6875,
    "27,-1,6152": -4.6875,
    "27,-1,7107": 4.59375,
    "25,-1,2750": 4.5625,
    "23,-1,1204": -4.46875,
    "25,-1,4105": -4.4375,
    "27,-1,3285": -4.40625,
    "27,-1,1568": -4.375,
    "27,-1,2457": 4.3125,
    "27,-1,6988": 4.3125,
    "21,-1,5509": -4.21875,
    "26,-1,1356": -4.21875,
    "24,-1,4336": -4.125,
    "27,-1,518": 4.125,
    "27,-1,8524": -4.125,
    "23,-1,627": -4.0625,
    "21,-1,8502": -4.03125,
    "26,-1,8545": 4.03125,
    "22,-1,742": 4.0,
    "24,-1,3429": 3.96875,
    "27,-1,5152": -3.96875,
    "26,-1,2776": 3.9375,
    "27,-1,1835": -3.9375,
    "27,-1,2015": 3.921875,
    "27,-1,8520": 3.890625,
    "26,-1,555": 3.875,
    "27,-1,3062": -3.875,
    "27,-1,4753": 3.875,
    "27,-1,953": -3.828125,
    "25,-1,1924": -3.765625,
    "25,-1,8586": -3.765625,
    "18,-1,3672": -3.71875,
    "27,-1,5953": -3.6875,
    "26,-1,2481": 3.65625,
    "27,-1,6569": -3.65625,
    "24,-1,3116": 3.625,
    "27,-1,5181": -3.625,
    "24,-1,8126": -3.609375,
    "25,-1,809": 3.578125,
    "27,-1,3930": 3.5625,
    "26,-1,4655": 3.515625,
    "25,-1,3019": -3.5,
    "27,-1,7605": -3.5,
    "26,-1,989": -3.484375,
    "26,-1,7782": 3.484375,
    "27,-1,1326": -3.4375,
    "27,-1,8322": -3.4375,
    "27,-1,6044": 3.40625,
    "27,-1,7781": 3.375,
    "20,-1,8689": -3.34375,
    "22,-1,4724": 3.34375,
    "27,-1,4857": 3.3125,
    "23,-1,5186": 3.296875,
    "25,-1,4511": 3.265625,
    "27,-1,7899": 3.25,
    "27,-1,4599": 3.21875,
    "25,-1,7153": -3.1875,
    "27,-1,8541": 3.1875,
    "15,-1,6637": 3.15625,
    "27,-1,3684": -3.125,
    "16,-1,1019": -3.109375,
    "24,-1,326": 3.09375,
    "24,-1,6932": 3.09375,
    "22,-1,637": 3.0625,
    "27,-1,1912": -3.015625,
    "27,-1,7405": 3.015625,
    "27,-1,7471": -3.015625,
    "27,-1,4541": 3.0,
    "26,-1,145": -2.984375,
    "27,-1,5370": -2.9375,
    "19,-1,5575": -2.921875,
    "26,-1,7004": -2.890625,
    "27,-1,3855": -2.890625,
    "26,-1,5361": 2.875,
    "26,-1,5782": -2.875,
    "26,-1,7991": -2.875,
    "27,-1,3908": -2.84375,
    "27,-1,6196": 2.828125,
    "26,-1,3458": -2.8125,
    "27,-1,4194": 2.796875,
    "22,-1,2582": 2.78125,
    "26,-1,734": 2.78125,
    "27,-1,1750": -2.765625,
    "27,-1,2891": 2.75,
    "27,-1,6932": -2.75,
    "18,-1,594": -2.71875,
    "26,-1,6363": -2.71875,
    "27,-1,3234": 2.71875,
    "27,-1,2320": 2.703125,
    "21,-1,5166": 2.6875,
    "23,-1,4943": 2.6875,
    "19,-1,988": -2.671875,
    "24,-1,3963": -2.671875,
    "26,-1,2629": -2.65625,
    "27,-1,2730": -2.65625,
    "27,-1,3604": -2.65625,
    "27,-1,7655": 2.65625,
    "27,-1,3800": -2.625,
    "27,-1,5809": -2.609375,
    "22,-1,4958": -2.59375,
    "16,-1,3713": 2.5625,
    "23,-1,6774": 2.546875,
    "24,-1,6235": -2.53125,
    "24,-1,7970": 2.53125,
    "27,-1,1053": -2.53125,
    "24,-1,2550": 2.515625,
    "23,-1,7686": 2.5,
    "22,-1,8806": -2.46875,
    "25,-1,698": -2.46875,
    "26,-1,5016": -2.46875,
    "27,-1,1683": 2.46875,
    "25,-1,1371": -2.453125,
    "22,-1,4551": 2.4375,
    "27,-1,291": -2.4375,
    "27,-1,1582": -2.4375,
    "27,-1,4908": -2.4375,
    "27,-1,5190": 2.4375,
    "27,-1,5191": -2.4375,
    "27,-1,7845": -2.4375,
    "21,-1,8212": -2.421875,
    "20,-1,3922": 2.40625,
    "20,-1,8589": 2.40625,
    "26,-1,4192": -2.40625,
    "25,-1,5699": 2.390625,
    "23,-1,5591": 2.375,
    "24,-1,1014": 2.375,
    "26,-1,7010": 2.375,
    "27,-1,338": -2.375,
    "27,-1,7274": 2.375,
    "21,-1,1274": -2.359375,
    "26,-1,22": 2.359375,
    "25,-1,2884": 2.34375,
    "26,-1,1285": 2.34375,
    "27,-1,775": -2.34375,
    "27,-1,1553": -2.34375,
    "27,-1,8442": 2.34375,
    "25,-1,4303": -2.328125,
    "27,-1,5364": 2.328125,
    "22,-1,1186": 2.3125,
    "24,-1,7205": -2.296875,
    "26,-1,3098": -2.296875,
    "19,-1,8170": -2.28125,
    "23,-1,211": -2.28125,
    "25,-1,5007": 2.28125,
    "25,-1,2040": 2.25,
    "26,-1,1483": 2.25,
    "26,-1,3815": -2.25,
    "27,-1,11": 2.25,
    "27,-1,2897": -2.25,
    "19,-1,3741": -2.234375,
    "19,-1,4633": -2.234375,
    "25,-1,622": 2.234375,
    "25,-1,8920": 2.234375,
    "27,-1,1250": -2.234375,
    "26,-1,2766": -2.21875,
    "23,-1,2945": -2.203125,
    "25,-1,5972": 2.203125,
    "25,-1,8849": -2.203125,
    "23,-1,1385": 2.1875,
    "27,-1,4957": -2.1875,
    "24,-1,5256": -2.171875,
    "26,-1,7741": -2.171875,
    "25,-1,5647": -2.15625,
    "26,-1,6143": -2.15625,
    "27,-1,5824": 2.15625,
    "27,-1,3250": 2.140625,
    "27,-1,8917": 2.140625,
    "17,-1,4253": 2.125,
    "18,-1,5260": 2.125,
    "23,-1,5614": 2.125
  },
  "prompt": "[contrastive: 5 pos vs 5 neg]",
  "target_token": "[contrastive]",
  "total_logit_diff": 0.0
}